-- MySQL Script generated by MySQL Workbench
-- Sun May 17 17:10:08 2020
-- Model: New Model    Version: 1.0
-- MySQL Workbench Forward Engineering

SET @OLD_UNIQUE_CHECKS=@@UNIQUE_CHECKS, UNIQUE_CHECKS=0;
SET @OLD_FOREIGN_KEY_CHECKS=@@FOREIGN_KEY_CHECKS, FOREIGN_KEY_CHECKS=0;
SET @OLD_SQL_MODE=@@SQL_MODE, SQL_MODE='ONLY_FULL_GROUP_BY,STRICT_TRANS_TABLES,NO_ZERO_IN_DATE,NO_ZERO_DATE,ERROR_FOR_DIVISION_BY_ZERO,NO_ENGINE_SUBSTITUTION';

-- -----------------------------------------------------
-- Schema Molchanuk
-- -----------------------------------------------------
-- 
-- 

-- -----------------------------------------------------
-- Schema Molchanuk
--
-- 
-- 
-- -----------------------------------------------------
CREATE SCHEMA IF NOT EXISTS `Molchanuk` DEFAULT CHARACTER SET utf8 COLLATE utf8_bin ;
USE `Molchanuk` ;

-- -----------------------------------------------------
-- Table `Molchanuk`.`Shipowners`
-- -----------------------------------------------------
DROP TABLE IF EXISTS `Molchanuk`.`Shipowners` ;

CREATE TABLE IF NOT EXISTS `Molchanuk`.`Shipowners` (
  `idShipowners` INT NOT NULL,
  `Email` VARCHAR(45) NULL,
  PRIMARY KEY (`idShipowners`))
ENGINE = InnoDB;


-- -----------------------------------------------------
-- Table `Molchanuk`.`Country`
-- -----------------------------------------------------
DROP TABLE IF EXISTS `Molchanuk`.`Country` ;

CREATE TABLE IF NOT EXISTS `Molchanuk`.`Country` (
  `idCountry` INT NOT NULL,
  `Name` VARCHAR(45) NULL,
  PRIMARY KEY (`idCountry`))
ENGINE = InnoDB;


-- -----------------------------------------------------
-- Table `Molchanuk`.`Ship`
-- -----------------------------------------------------
DROP TABLE IF EXISTS `Molchanuk`.`Ship` ;

CREATE TABLE IF NOT EXISTS `Molchanuk`.`Ship` (
  `Type of vessel` VARCHAR(45) NOT NULL,
  `Ship name` VARCHAR(45) NULL,
  `Shipowners_idShipowners` INT NOT NULL,
  `Country_idCountry` INT NOT NULL,
  PRIMARY KEY (`Type of vessel`, `Shipowners_idShipowners`, `Country_idCountry`),
  CONSTRAINT `fk_Ship_Shipowners1`
    FOREIGN KEY (`Shipowners_idShipowners`)
    REFERENCES `Molchanuk`.`Shipowners` (`idShipowners`)
    ON DELETE NO ACTION
    ON UPDATE NO ACTION,
  CONSTRAINT `fk_Ship_Country1`
    FOREIGN KEY (`Country_idCountry`)
    REFERENCES `Molchanuk`.`Country` (`idCountry`)
    ON DELETE NO ACTION
    ON UPDATE NO ACTION)
ENGINE = InnoDB;

CREATE INDEX `fk_Ship_Shipowners1_idx` ON `Molchanuk`.`Ship` (`Shipowners_idShipowners` ASC) VISIBLE;

CREATE INDEX `fk_Ship_Country1_idx` ON `Molchanuk`.`Ship` (`Country_idCountry` ASC) VISIBLE;


-- -----------------------------------------------------
-- Table `Molchanuk`.`Contract for ship`
-- -----------------------------------------------------
DROP TABLE IF EXISTS `Molchanuk`.`Contract for ship` ;

CREATE TABLE IF NOT EXISTS `Molchanuk`.`Contract for ship` (
  `idContract for ship` INT NOT NULL,
  `Ship_Type of vessel` VARCHAR(45) NOT NULL,
  `Ship_Shipowners_idShipowners` INT NOT NULL,
  `Ship_Country_idCountry` INT NOT NULL,
  PRIMARY KEY (`idContract for ship`),
  CONSTRAINT `fk_Contract for ship_Ship1`
    FOREIGN KEY (`Ship_Type of vessel` , `Ship_Shipowners_idShipowners` , `Ship_Country_idCountry`)
    REFERENCES `Molchanuk`.`Ship` (`Type of vessel` , `Shipowners_idShipowners` , `Country_idCountry`)
    ON DELETE NO ACTION
    ON UPDATE NO ACTION)
ENGINE = InnoDB;

CREATE INDEX `fk_Contract for ship_Ship1_idx` ON `Molchanuk`.`Contract for ship` (`Ship_Type of vessel` ASC, `Ship_Shipowners_idShipowners` ASC, `Ship_Country_idCountry` ASC) VISIBLE;


-- -----------------------------------------------------
-- Table `Molchanuk`.`Application for job`
-- -----------------------------------------------------
DROP TABLE IF EXISTS `Molchanuk`.`Application for job` ;

CREATE TABLE IF NOT EXISTS `Molchanuk`.`Application for job` (
  `idApplication for job` INT NOT NULL,
  `Application number` INT NULL,
  `Application date` DATE NULL,
  `Ship_Type of vessel` VARCHAR(45) NOT NULL,
  `Ship_Shipowners_idShipowners` INT NOT NULL,
  `Ship_Country_idCountry` INT NOT NULL,
  PRIMARY KEY (`idApplication for job`),
  CONSTRAINT `fk_Application for job_Ship1`
    FOREIGN KEY (`Ship_Type of vessel` , `Ship_Shipowners_idShipowners` , `Ship_Country_idCountry`)
    REFERENCES `Molchanuk`.`Ship` (`Type of vessel` , `Shipowners_idShipowners` , `Country_idCountry`)
    ON DELETE NO ACTION
    ON UPDATE CASCADE)
ENGINE = InnoDB;

CREATE INDEX `fk_Application for job_Ship1_idx` ON `Molchanuk`.`Application for job` (`Ship_Type of vessel` ASC, `Ship_Shipowners_idShipowners` ASC, `Ship_Country_idCountry` ASC) VISIBLE;


-- -----------------------------------------------------
-- Table `Molchanuk`.`Jobs`
-- -----------------------------------------------------
DROP TABLE IF EXISTS `Molchanuk`.`Jobs` ;

CREATE TABLE IF NOT EXISTS `Molchanuk`.`Jobs` (
  `idJobs` INT NOT NULL,
  `Salary` INT NULL,
  `Estimated date of taking up position` DATE NULL,
  `Application for job_idApplication for job` INT NOT NULL,
  PRIMARY KEY (`idJobs`, `Application for job_idApplication for job`),
  CONSTRAINT `fk_Jobs_Application for job1`
    FOREIGN KEY (`Application for job_idApplication for job`)
    REFERENCES `Molchanuk`.`Application for job` (`idApplication for job`)
    ON DELETE NO ACTION
    ON UPDATE NO ACTION)
ENGINE = InnoDB;

CREATE INDEX `fk_Jobs_Application for job1_idx` ON `Molchanuk`.`Jobs` (`Application for job_idApplication for job` ASC) VISIBLE;


-- -----------------------------------------------------
-- Table `Molchanuk`.`Rank`
-- -----------------------------------------------------
DROP TABLE IF EXISTS `Molchanuk`.`Rank` ;

CREATE TABLE IF NOT EXISTS `Molchanuk`.`Rank` (
  `idRank` INT NOT NULL,
  `Availability of the license office` TINYINT(1) NULL,
  `Confirmation of the license` TINYINT(1) NULL,
  `Confirmation code` INT NULL,
  `Code diploma` INT NULL,
  `Type of diploma` VARCHAR(45) NULL,
  `Jobs_idJobs` INT NOT NULL,
  PRIMARY KEY (`idRank`, `Jobs_idJobs`),
  CONSTRAINT `fk_Rank_Jobs1`
    FOREIGN KEY (`Jobs_idJobs`)
    REFERENCES `Molchanuk`.`Jobs` (`idJobs`)
    ON DELETE NO ACTION
    ON UPDATE NO ACTION)
ENGINE = InnoDB;

CREATE INDEX `fk_Rank_Jobs1_idx` ON `Molchanuk`.`Rank` (`Jobs_idJobs` ASC) VISIBLE;


-- -----------------------------------------------------
-- Table `Molchanuk`.`Command`
-- -----------------------------------------------------
DROP TABLE IF EXISTS `Molchanuk`.`Command` ;

CREATE TABLE IF NOT EXISTS `Molchanuk`.`Command` (
  `idCommand` INT NOT NULL,
  `Salary` INT NULL,
  `Contract for ship_idContract for ship` INT NOT NULL,
  `Rank_idRank` INT NOT NULL,
  PRIMARY KEY (`idCommand`, `Contract for ship_idContract for ship`),
  CONSTRAINT `fk_Command_Contract for ship1`
    FOREIGN KEY (`Contract for ship_idContract for ship`)
    REFERENCES `Molchanuk`.`Contract for ship` (`idContract for ship`)
    ON DELETE NO ACTION
    ON UPDATE NO ACTION,
  CONSTRAINT `fk_Command_Rank1`
    FOREIGN KEY (`Rank_idRank`)
    REFERENCES `Molchanuk`.`Rank` (`idRank`)
    ON DELETE NO ACTION
    ON UPDATE NO ACTION)
ENGINE = InnoDB;

CREATE INDEX `fk_Command_Contract for ship1_idx` ON `Molchanuk`.`Command` (`Contract for ship_idContract for ship` ASC) VISIBLE;

CREATE INDEX `fk_Command_Rank1_idx` ON `Molchanuk`.`Command` (`Rank_idRank` ASC) VISIBLE;


-- -----------------------------------------------------
-- Table `Molchanuk`.`Profile sailor`
-- -----------------------------------------------------
DROP TABLE IF EXISTS `Molchanuk`.`Profile sailor` ;

CREATE TABLE IF NOT EXISTS `Molchanuk`.`Profile sailor` (
  `idProfile sailor` INT NOT NULL,
  `Surname` VARCHAR(45) NULL,
  `Name` VARCHAR(45) NULL,
  `Patronymic` VARCHAR(45) NULL,
  `Date of birth` DATE NULL,
  `Place of birth` VARCHAR(70) NULL,
  `Home address` VARCHAR(70) NULL,
  `Phone home` VARCHAR(17) NULL,
  `Mobile phone` VARCHAR(17) NULL,
  `Citizenship` VARCHAR(45) NULL,
  `Marital Status` VARCHAR(15) NULL,
  `Height` INT NULL,
  `Weight` INT NULL,
  `Date of medical examination` DATE NULL,
  `Drugs & Alcohol test date` DATE NULL,
  `National passport №` VARCHAR(45) NULL,
  `National passport issued` DATE NULL,
  `International passport №` VARCHAR(45) NULL,
  `International passport issued` DATE NULL,
  `International passport valid` DATE NULL,
  `Seaman passport №` INT NULL,
  `Seaman passport issued` DATE NULL,
  `Seaman passport valid` DATE NULL,
  `Ready to fight` DATE NULL,
  `In fight` TINYINT NULL,
  `Rank` VARCHAR(45) NULL,
  `Photo` VARCHAR(100) NULL,
  PRIMARY KEY (`idProfile sailor`))
ENGINE = InnoDB;


-- -----------------------------------------------------
-- Table `Molchanuk`.`Knowledge of language`
-- -----------------------------------------------------
DROP TABLE IF EXISTS `Molchanuk`.`Knowledge of language` ;

CREATE TABLE IF NOT EXISTS `Molchanuk`.`Knowledge of language` (
  `idKnowledge of language` INT NOT NULL,
  `Language` VARCHAR(45) NULL,
  `Proficiency` VARCHAR(45) NULL,
  `Mark` INT NULL,
  `Profile sailor_idProfile sailor` INT NOT NULL,
  PRIMARY KEY (`idKnowledge of language`, `Profile sailor_idProfile sailor`),
  CONSTRAINT `fk_Knowledge of language_Profile sailor1`
    FOREIGN KEY (`Profile sailor_idProfile sailor`)
    REFERENCES `Molchanuk`.`Profile sailor` (`idProfile sailor`)
    ON DELETE NO ACTION
    ON UPDATE NO ACTION)
ENGINE = InnoDB;

CREATE INDEX `fk_Knowledge of language_Profile sailor1_idx` ON `Molchanuk`.`Knowledge of language` (`Profile sailor_idProfile sailor` ASC) VISIBLE;


-- -----------------------------------------------------
-- Table `Molchanuk`.`The country issued visa`
-- -----------------------------------------------------
DROP TABLE IF EXISTS `Molchanuk`.`The country issued visa` ;

CREATE TABLE IF NOT EXISTS `Molchanuk`.`The country issued visa` (
  `idThe country issued visa` INT NOT NULL,
  `Country` VARCHAR(45) NULL,
  PRIMARY KEY (`idThe country issued visa`))
ENGINE = InnoDB;


-- -----------------------------------------------------
-- Table `Molchanuk`.`Visas`
-- -----------------------------------------------------
DROP TABLE IF EXISTS `Molchanuk`.`Visas` ;

CREATE TABLE IF NOT EXISTS `Molchanuk`.`Visas` (
  `idVisas` INT NOT NULL,
  `Date of issue` DATE NULL,
  `Date of` DATE NULL,
  `The type of visa` VARCHAR(45) NULL,
  `Profile sailor_idProfile sailor` INT NOT NULL,
  `The country issued visa_idThe country issued visa` INT NOT NULL,
  PRIMARY KEY (`idVisas`, `Profile sailor_idProfile sailor`, `The country issued visa_idThe country issued visa`),
  CONSTRAINT `fk_Visas_Profile sailor1`
    FOREIGN KEY (`Profile sailor_idProfile sailor`)
    REFERENCES `Molchanuk`.`Profile sailor` (`idProfile sailor`)
    ON DELETE NO ACTION
    ON UPDATE NO ACTION,
  CONSTRAINT `fk_Visas_The country issued visa1`
    FOREIGN KEY (`The country issued visa_idThe country issued visa`)
    REFERENCES `Molchanuk`.`The country issued visa` (`idThe country issued visa`)
    ON DELETE NO ACTION
    ON UPDATE NO ACTION)
ENGINE = InnoDB;

CREATE INDEX `fk_Visas_Profile sailor1_idx` ON `Molchanuk`.`Visas` (`Profile sailor_idProfile sailor` ASC) VISIBLE;

CREATE INDEX `fk_Visas_The country issued visa1_idx` ON `Molchanuk`.`Visas` (`The country issued visa_idThe country issued visa` ASC) VISIBLE;


-- -----------------------------------------------------
-- Table `Molchanuk`.`Working papers`
-- -----------------------------------------------------
DROP TABLE IF EXISTS `Molchanuk`.`Working papers` ;

CREATE TABLE IF NOT EXISTS `Molchanuk`.`Working papers` (
  `idWorking papers` INT NOT NULL,
  `Certificate` VARCHAR(45) NULL,
  `Number` INT NULL,
  `Issued with` DATE NULL,
  `Valid on` DATE NULL,
  `Rank` VARCHAR(45) NULL,
  `License` VARCHAR(45) NULL,
  `License number` INT NULL,
  `License issued` DATE NULL,
  `Valid to` DATE NULL,
  `Confirmation` VARCHAR(45) NULL,
  `Confirmation numder` INT NULL,
  `Confirmation is issued` VARCHAR(45) NULL,
  `Confirmation is valid until` DATE NULL,
  `Education` VARCHAR(60) NULL,
  `With` DATE NULL,
  `To` DATE NULL,
  `Type of diplom` VARCHAR(45) NULL,
  `Code certificate` INT NULL,
  `Certificate number` INT NULL,
  `Date of issue` DATE NULL,
  `Expiration date` DATE NULL,
  `Profile sailor_idProfile sailor` INT NOT NULL,
  PRIMARY KEY (`idWorking papers`, `Profile sailor_idProfile sailor`),
  CONSTRAINT `fk_Working papers_Profile sailor1`
    FOREIGN KEY (`Profile sailor_idProfile sailor`)
    REFERENCES `Molchanuk`.`Profile sailor` (`idProfile sailor`)
    ON DELETE NO ACTION
    ON UPDATE NO ACTION)
ENGINE = InnoDB;

CREATE INDEX `fk_Working papers_Profile sailor1_idx` ON `Molchanuk`.`Working papers` (`Profile sailor_idProfile sailor` ASC) VISIBLE;


-- -----------------------------------------------------
-- Table `Molchanuk`.`Children`
-- -----------------------------------------------------
DROP TABLE IF EXISTS `Molchanuk`.`Children` ;

CREATE TABLE IF NOT EXISTS `Molchanuk`.`Children` (
  `idChildren` INT NOT NULL,
  `Next to kin` VARCHAR(60) NULL,
  `Address of nearest relative` VARCHAR(60) NULL,
  `Profile sailor_idProfile sailor` INT NOT NULL,
  PRIMARY KEY (`idChildren`),
  CONSTRAINT `fk_Children_Profile sailor1`
    FOREIGN KEY (`Profile sailor_idProfile sailor`)
    REFERENCES `Molchanuk`.`Profile sailor` (`idProfile sailor`)
    ON DELETE NO ACTION
    ON UPDATE NO ACTION)
ENGINE = InnoDB;

CREATE INDEX `fk_Children_Profile sailor1_idx` ON `Molchanuk`.`Children` (`Profile sailor_idProfile sailor` ASC) VISIBLE;


-- -----------------------------------------------------
-- Table `Molchanuk`.`Logistics`
-- -----------------------------------------------------
DROP TABLE IF EXISTS `Molchanuk`.`Logistics` ;

CREATE TABLE IF NOT EXISTS `Molchanuk`.`Logistics` (
  `idLogistics` INT NOT NULL,
  `Rank` VARCHAR(45) NULL,
  `Profile sailor_idProfile sailor` INT NOT NULL,
  `Ship_Type of vessel` VARCHAR(45) NOT NULL,
  `Ship_Shipowners_idShipowners` INT NOT NULL,
  `Ship_Country_idCountry` INT NOT NULL,
  PRIMARY KEY (`idLogistics`, `Ship_Type of vessel`, `Ship_Shipowners_idShipowners`, `Ship_Country_idCountry`),
  CONSTRAINT `fk_Logistics_Profile sailor1`
    FOREIGN KEY (`Profile sailor_idProfile sailor`)
    REFERENCES `Molchanuk`.`Profile sailor` (`idProfile sailor`)
    ON DELETE NO ACTION
    ON UPDATE NO ACTION,
  CONSTRAINT `fk_Logistics_Ship1`
    FOREIGN KEY (`Ship_Type of vessel` , `Ship_Shipowners_idShipowners` , `Ship_Country_idCountry`)
    REFERENCES `Molchanuk`.`Ship` (`Type of vessel` , `Shipowners_idShipowners` , `Country_idCountry`)
    ON DELETE NO ACTION
    ON UPDATE NO ACTION)
ENGINE = InnoDB;

CREATE INDEX `fk_Logistics_Profile sailor1_idx` ON `Molchanuk`.`Logistics` (`Profile sailor_idProfile sailor` ASC) VISIBLE;

CREATE INDEX `fk_Logistics_Ship1_idx` ON `Molchanuk`.`Logistics` (`Ship_Type of vessel` ASC, `Ship_Shipowners_idShipowners` ASC, `Ship_Country_idCountry` ASC) VISIBLE;


-- -----------------------------------------------------
-- Table `Molchanuk`.`Comment`
-- -----------------------------------------------------
DROP TABLE IF EXISTS `Molchanuk`.`Comment` ;

CREATE TABLE IF NOT EXISTS `Molchanuk`.`Comment` (
  `idComment` INT NOT NULL,
  `Location` VARCHAR(45) NULL,
  `Logistics_idLogistics` INT NOT NULL,
  PRIMARY KEY (`idComment`, `Logistics_idLogistics`),
  CONSTRAINT `fk_Comment_Logistics1`
    FOREIGN KEY (`Logistics_idLogistics`)
    REFERENCES `Molchanuk`.`Logistics` (`idLogistics`)
    ON DELETE NO ACTION
    ON UPDATE NO ACTION)
ENGINE = InnoDB;

CREATE INDEX `fk_Comment_Logistics1_idx` ON `Molchanuk`.`Comment` (`Logistics_idLogistics` ASC) VISIBLE;


-- -----------------------------------------------------
-- Table `Molchanuk`.`Arrival`
-- -----------------------------------------------------
DROP TABLE IF EXISTS `Molchanuk`.`Arrival` ;

CREATE TABLE IF NOT EXISTS `Molchanuk`.`Arrival` (
  `idArrival` INT NOT NULL,
  `Departure date` DATE NOT NULL,
  `Arrival date` DATE NOT NULL,
  `Logistics_idLogistics` INT NOT NULL,
  PRIMARY KEY (`idArrival`, `Departure date`, `Arrival date`, `Logistics_idLogistics`),
  CONSTRAINT `fk_Arrival_Logistics1`
    FOREIGN KEY (`Logistics_idLogistics`)
    REFERENCES `Molchanuk`.`Logistics` (`idLogistics`)
    ON DELETE NO ACTION
    ON UPDATE NO ACTION)
ENGINE = InnoDB;

CREATE INDEX `fk_Arrival_Logistics1_idx` ON `Molchanuk`.`Arrival` (`Logistics_idLogistics` ASC) VISIBLE;


-- -----------------------------------------------------
-- Table `Molchanuk`.`Departure`
-- -----------------------------------------------------
DROP TABLE IF EXISTS `Molchanuk`.`Departure` ;

CREATE TABLE IF NOT EXISTS `Molchanuk`.`Departure` (
  `idDeparture` INT NOT NULL,
  `City of` VARCHAR(45) NULL,
  `In the city` VARCHAR(45) NULL,
  `Logistics_idLogistics` INT UNSIGNED NOT NULL,
  `Arrival_idArrival` INT NOT NULL,
  `Arrival_Departure date` DATE NOT NULL,
  `Arrival_Arrival date` DATE NOT NULL,
  `Arrival_Logistics_idLogistics` INT NOT NULL,
  PRIMARY KEY (`idDeparture`, `Logistics_idLogistics`, `Arrival_idArrival`, `Arrival_Departure date`, `Arrival_Arrival date`, `Arrival_Logistics_idLogistics`),
  CONSTRAINT `fk_Departure_Logistics1`
    FOREIGN KEY (`Logistics_idLogistics`)
    REFERENCES `Molchanuk`.`Logistics` (`idLogistics`)
    ON DELETE NO ACTION
    ON UPDATE NO ACTION,
  CONSTRAINT `fk_Departure_Arrival1`
    FOREIGN KEY (`Arrival_idArrival` , `Arrival_Departure date` , `Arrival_Arrival date` , `Arrival_Logistics_idLogistics`)
    REFERENCES `Molchanuk`.`Arrival` (`idArrival` , `Departure date` , `Arrival date` , `Logistics_idLogistics`)
    ON DELETE NO ACTION
    ON UPDATE NO ACTION)
ENGINE = InnoDB;

CREATE INDEX `fk_Departure_Logistics1_idx` ON `Molchanuk`.`Departure` (`Logistics_idLogistics` ASC) VISIBLE;

CREATE INDEX `fk_Departure_Arrival1_idx` ON `Molchanuk`.`Departure` (`Arrival_idArrival` ASC, `Arrival_Departure date` ASC, `Arrival_Arrival date` ASC, `Arrival_Logistics_idLogistics` ASC) VISIBLE;


-- -----------------------------------------------------
-- Table `Molchanuk`.`Studies`
-- -----------------------------------------------------
DROP TABLE IF EXISTS `Molchanuk`.`Studies` ;

CREATE TABLE IF NOT EXISTS `Molchanuk`.`Studies` (
  `idStudies` INT NOT NULL,
  `Institutions` VARCHAR(45) NULL,
  `Number diploma` INT NULL,
  `Profile sailor_idProfile sailor` INT NOT NULL,
  PRIMARY KEY (`idStudies`, `Profile sailor_idProfile sailor`),
  CONSTRAINT `fk_Studies_Profile sailor1`
    FOREIGN KEY (`Profile sailor_idProfile sailor`)
    REFERENCES `Molchanuk`.`Profile sailor` (`idProfile sailor`)
    ON DELETE NO ACTION
    ON UPDATE NO ACTION)
ENGINE = InnoDB;

CREATE INDEX `fk_Studies_Profile sailor1_idx` ON `Molchanuk`.`Studies` (`Profile sailor_idProfile sailor` ASC) VISIBLE;


SET SQL_MODE=@OLD_SQL_MODE;
SET FOREIGN_KEY_CHECKS=@OLD_FOREIGN_KEY_CHECKS;
SET UNIQUE_CHECKS=@OLD_UNIQUE_CHECKS;

-- -----------------------------------------------------
-- Data for table `Molchanuk`.`Shipowners`
-- -----------------------------------------------------
START TRANSACTION;
USE `Molchanuk`;
INSERT INTO `Molchanuk`.`Shipowners` (`idShipowners`, `Email`) VALUES (1, 'msc_ukraine@gmail.com');
INSERT INTO `Molchanuk`.`Shipowners` (`idShipowners`, `Email`) VALUES (2, 'UkrPromTrans@gmail.com');

COMMIT;


-- -----------------------------------------------------
-- Data for table `Molchanuk`.`Country`
-- -----------------------------------------------------
START TRANSACTION;
USE `Molchanuk`;
INSERT INTO `Molchanuk`.`Country` (`idCountry`, `Name`) VALUES (1, 'China');
INSERT INTO `Molchanuk`.`Country` (`idCountry`, `Name`) VALUES (2, 'Ukraine');

COMMIT;


-- -----------------------------------------------------
-- Data for table `Molchanuk`.`Ship`
-- -----------------------------------------------------
START TRANSACTION;
USE `Molchanuk`;
INSERT INTO `Molchanuk`.`Ship` (`Type of vessel`, `Ship name`, `Shipowners_idShipowners`, `Country_idCountry`) VALUES ('container ship', 'EMMA MAERSK', 2, 1);
INSERT INTO `Molchanuk`.`Ship` (`Type of vessel`, `Ship name`, `Shipowners_idShipowners`, `Country_idCountry`) VALUES ('tanker', 'Knock Nevis', 1, 1);

COMMIT;


-- -----------------------------------------------------
-- Data for table `Molchanuk`.`Contract for ship`
-- -----------------------------------------------------
START TRANSACTION;
USE `Molchanuk`;
INSERT INTO `Molchanuk`.`Contract for ship` (`idContract for ship`, `Ship_Type of vessel`, `Ship_Shipowners_idShipowners`, `Ship_Country_idCountry`) VALUES (1, 'container ship', 1, 2);
INSERT INTO `Molchanuk`.`Contract for ship` (`idContract for ship`, `Ship_Type of vessel`, `Ship_Shipowners_idShipowners`, `Ship_Country_idCountry`) VALUES (2, 'tanker', 1, 2);

COMMIT;


-- -----------------------------------------------------
-- Data for table `Molchanuk`.`Application for job`
-- -----------------------------------------------------
START TRANSACTION;
USE `Molchanuk`;
INSERT INTO `Molchanuk`.`Application for job` (`idApplication for job`, `Application number`, `Application date`, `Ship_Type of vessel`, `Ship_Shipowners_idShipowners`, `Ship_Country_idCountry`) VALUES (1, 23, '24.03.2019', 'tanker', 1, 2);
INSERT INTO `Molchanuk`.`Application for job` (`idApplication for job`, `Application number`, `Application date`, `Ship_Type of vessel`, `Ship_Shipowners_idShipowners`, `Ship_Country_idCountry`) VALUES (2, 65, '25.06.2019', 'container ship', 2, 1);

COMMIT;


-- -----------------------------------------------------
-- Data for table `Molchanuk`.`Jobs`
-- -----------------------------------------------------
START TRANSACTION;
USE `Molchanuk`;
INSERT INTO `Molchanuk`.`Jobs` (`idJobs`, `Salary`, `Estimated date of taking up position`, `Application for job_idApplication for job`) VALUES (1, 2500, '22.05.2019', 1);
INSERT INTO `Molchanuk`.`Jobs` (`idJobs`, `Salary`, `Estimated date of taking up position`, `Application for job_idApplication for job`) VALUES (2, 600, '26.05.2019', 2);

COMMIT;


-- -----------------------------------------------------
-- Data for table `Molchanuk`.`Rank`
-- -----------------------------------------------------
START TRANSACTION;
USE `Molchanuk`;
INSERT INTO `Molchanuk`.`Rank` (`idRank`, `Availability of the license office`, `Confirmation of the license`, `Confirmation code`, `Code diploma`, `Type of diploma`, `Jobs_idJobs`) VALUES (1, 1, 1, 0265, 556995, 'working', 1);
INSERT INTO `Molchanuk`.`Rank` (`idRank`, `Availability of the license office`, `Confirmation of the license`, `Confirmation code`, `Code diploma`, `Type of diploma`, `Jobs_idJobs`) VALUES (2, 0, 0, 0358, 599882, 'traning', 2);

COMMIT;


-- -----------------------------------------------------
-- Data for table `Molchanuk`.`Command`
-- -----------------------------------------------------
START TRANSACTION;
USE `Molchanuk`;
INSERT INTO `Molchanuk`.`Command` (`idCommand`, `Salary`, `Contract for ship_idContract for ship`, `Rank_idRank`) VALUES (1, 50690, 2, 1);
INSERT INTO `Molchanuk`.`Command` (`idCommand`, `Salary`, `Contract for ship_idContract for ship`, `Rank_idRank`) VALUES (2, 60539, 1, 2);

COMMIT;


-- -----------------------------------------------------
-- Data for table `Molchanuk`.`Profile sailor`
-- -----------------------------------------------------
START TRANSACTION;
USE `Molchanuk`;
INSERT INTO `Molchanuk`.`Profile sailor` (`idProfile sailor`, `Surname`, `Name`, `Patronymic`, `Date of birth`, `Place of birth`, `Home address`, `Phone home`, `Mobile phone`, `Citizenship`, `Marital Status`, `Height`, `Weight`, `Date of medical examination`, `Drugs & Alcohol test date`, `National passport №`, `National passport issued`, `International passport №`, `International passport issued`, `International passport valid`, `Seaman passport №`, `Seaman passport issued`, `Seaman passport valid`, `Ready to fight`, `In fight`, `Rank`, `Photo`) VALUES (1, 'Smirnov', 'Oleg', 'Valerevich', '15-06-1989', 'Odessa', 'street Balkovskaya house 25 apartment 2', '0483695624', '0663965247', 'Ukrainian', 'married', 192, 95, '28-05-2020', '28-05-2020', 'АО263598', '15-07-2005', 'FI265695', '25-12-2018', '25-12-2023', 365662, '17-03-2019', '17-03-2024', '23-05-2020', 0, 'Master', 'G:\\моя бд\\images.jfif');
INSERT INTO `Molchanuk`.`Profile sailor` (`idProfile sailor`, `Surname`, `Name`, `Patronymic`, `Date of birth`, `Place of birth`, `Home address`, `Phone home`, `Mobile phone`, `Citizenship`, `Marital Status`, `Height`, `Weight`, `Date of medical examination`, `Drugs & Alcohol test date`, `National passport №`, `National passport issued`, `International passport №`, `International passport issued`, `International passport valid`, `Seaman passport №`, `Seaman passport issued`, `Seaman passport valid`, `Ready to fight`, `In fight`, `Rank`, `Photo`) VALUES (2, 'Soloviev', 'Maksim', 'Aleksandrovich', '26-09-1998', 'Nikolaev', 'Sovetskaya street 14 apartment 65', '0483556565', '0956365565', 'Ukrainian', 'single', 185, 78, '08-10-2020', '09-10-2020', 'АО326598', '26-11-2014', 'FI566586', '15-01-2019', '15-01-2024', 065821, '19-11-2019', '19-03-2024', '26-07-2020', 1, 'Fitter', 'G:\\моя бд\\crop.jfif');

COMMIT;


-- -----------------------------------------------------
-- Data for table `Molchanuk`.`Knowledge of language`
-- -----------------------------------------------------
START TRANSACTION;
USE `Molchanuk`;
INSERT INTO `Molchanuk`.`Knowledge of language` (`idKnowledge of language`, `Language`, `Proficiency`, `Mark`, `Profile sailor_idProfile sailor`) VALUES (1, 'English', 'Independent User', 8, 1);
INSERT INTO `Molchanuk`.`Knowledge of language` (`idKnowledge of language`, `Language`, `Proficiency`, `Mark`, `Profile sailor_idProfile sailor`) VALUES (2, 'Chinese', 'Basic User', 5, 1);

COMMIT;


-- -----------------------------------------------------
-- Data for table `Molchanuk`.`The country issued visa`
-- -----------------------------------------------------
START TRANSACTION;
USE `Molchanuk`;
INSERT INTO `Molchanuk`.`The country issued visa` (`idThe country issued visa`, `Country`) VALUES (1, 'USA');
INSERT INTO `Molchanuk`.`The country issued visa` (`idThe country issued visa`, `Country`) VALUES (2, 'China');

COMMIT;


-- -----------------------------------------------------
-- Data for table `Molchanuk`.`Visas`
-- -----------------------------------------------------
START TRANSACTION;
USE `Molchanuk`;
INSERT INTO `Molchanuk`.`Visas` (`idVisas`, `Date of issue`, `Date of`, `The type of visa`, `Profile sailor_idProfile sailor`, `The country issued visa_idThe country issued visa`) VALUES (1, '26.06.2019', '26.06.2024', 'working', 1, 1);
INSERT INTO `Molchanuk`.`Visas` (`idVisas`, `Date of issue`, `Date of`, `The type of visa`, `Profile sailor_idProfile sailor`, `The country issued visa_idThe country issued visa`) VALUES (2, '15.12.2018', '15.12.2023', 'working', 2, 2);

COMMIT;


-- -----------------------------------------------------
-- Data for table `Molchanuk`.`Working papers`
-- -----------------------------------------------------
START TRANSACTION;
USE `Molchanuk`;
INSERT INTO `Molchanuk`.`Working papers` (`idWorking papers`, `Certificate`, `Number`, `Issued with`, `Valid on`, `Rank`, `License`, `License number`, `License issued`, `Valid to`, `Confirmation`, `Confirmation numder`, `Confirmation is issued`, `Confirmation is valid until`, `Education`, `With`, `To`, `Type of diplom`, `Code certificate`, `Certificate number`, `Date of issue`, `Expiration date`, `Profile sailor_idProfile sailor`) VALUES (1, NULL, 2635, NULL, NULL, NULL, NULL, NULL, NULL, NULL, NULL, NULL, NULL, NULL, NULL, NULL, NULL, NULL, NULL, NULL, NULL, NULL, DEFAULT);
INSERT INTO `Molchanuk`.`Working papers` (`idWorking papers`, `Certificate`, `Number`, `Issued with`, `Valid on`, `Rank`, `License`, `License number`, `License issued`, `Valid to`, `Confirmation`, `Confirmation numder`, `Confirmation is issued`, `Confirmation is valid until`, `Education`, `With`, `To`, `Type of diplom`, `Code certificate`, `Certificate number`, `Date of issue`, `Expiration date`, `Profile sailor_idProfile sailor`) VALUES (2, NULL, 6659, NULL, NULL, NULL, NULL, NULL, NULL, NULL, NULL, NULL, NULL, NULL, NULL, NULL, NULL, NULL, NULL, NULL, NULL, NULL, DEFAULT);

COMMIT;


-- -----------------------------------------------------
-- Data for table `Molchanuk`.`Children`
-- -----------------------------------------------------
START TRANSACTION;
USE `Molchanuk`;
INSERT INTO `Molchanuk`.`Children` (`idChildren`, `Next to kin`, `Address of nearest relative`, `Profile sailor_idProfile sailor`) VALUES (1, 'wife', 'street Balkovskaya house 25 apartment 2', 1);
INSERT INTO `Molchanuk`.`Children` (`idChildren`, `Next to kin`, `Address of nearest relative`, `Profile sailor_idProfile sailor`) VALUES (2, 'wife', 'Sovetskaya street 14 apartment 65', 2);

COMMIT;


-- -----------------------------------------------------
-- Data for table `Molchanuk`.`Logistics`
-- -----------------------------------------------------
START TRANSACTION;
USE `Molchanuk`;
INSERT INTO `Molchanuk`.`Logistics` (`idLogistics`, `Rank`, `Profile sailor_idProfile sailor`, `Ship_Type of vessel`, `Ship_Shipowners_idShipowners`, `Ship_Country_idCountry`) VALUES (1, 'Master', 1, 'container ship', 1, 1);
INSERT INTO `Molchanuk`.`Logistics` (`idLogistics`, `Rank`, `Profile sailor_idProfile sailor`, `Ship_Type of vessel`, `Ship_Shipowners_idShipowners`, `Ship_Country_idCountry`) VALUES (2, 'Fitter', 2, 'tanker', 2, 2);

COMMIT;


-- -----------------------------------------------------
-- Data for table `Molchanuk`.`Arrival`
-- -----------------------------------------------------
START TRANSACTION;
USE `Molchanuk`;
INSERT INTO `Molchanuk`.`Arrival` (`idArrival`, `Departure date`, `Arrival date`, `Logistics_idLogistics`) VALUES (1, '14.05.2020', '14.11.2020', 1);
INSERT INTO `Molchanuk`.`Arrival` (`idArrival`, `Departure date`, `Arrival date`, `Logistics_idLogistics`) VALUES (2, '30.05.2020', '30.11.2020', 2);

COMMIT;


-- -----------------------------------------------------
-- Data for table `Molchanuk`.`Departure`
-- -----------------------------------------------------
START TRANSACTION;
USE `Molchanuk`;
INSERT INTO `Molchanuk`.`Departure` (`idDeparture`, `City of`, `In the city`, `Logistics_idLogistics`, `Arrival_idArrival`, `Arrival_Departure date`, `Arrival_Arrival date`, `Arrival_Logistics_idLogistics`) VALUES (1, 'Antwerp', 'Shanghai', 1, 1, '14.05.2020', '14.11.2020', 1);
INSERT INTO `Molchanuk`.`Departure` (`idDeparture`, `City of`, `In the city`, `Logistics_idLogistics`, `Arrival_idArrival`, `Arrival_Departure date`, `Arrival_Arrival date`, `Arrival_Logistics_idLogistics`) VALUES (2, 'Odessa', 'Shanghai', 2, 2, '30.05.2020', '30.11.2020', 2);

COMMIT;


-- -----------------------------------------------------
-- Data for table `Molchanuk`.`Studies`
-- -----------------------------------------------------
START TRANSACTION;
USE `Molchanuk`;
INSERT INTO `Molchanuk`.`Studies` (`idStudies`, `Institutions`, `Number diploma`, `Profile sailor_idProfile sailor`) VALUES (1, 'ONMU', 3265922314658, 1);
INSERT INTO `Molchanuk`.`Studies` (`idStudies`, `Institutions`, `Number diploma`, `Profile sailor_idProfile sailor`) VALUES (2, 'ONMU', 3225665555665, 2);

COMMIT;

